scenario,provider,baseline,strategyFamily,datasetSize,changeRatio,executionStatus,skipReason,iterations,meanMilliseconds,minMilliseconds,maxMilliseconds,meanAllocatedBytes,minAllocatedBytes,maxAllocatedBytes,executionDetail,persistedOutcome
customer-profile-history,SQLite local temporary files,conventional-ef,classic-ef,"1 customer, 2 profile states",50% repeat-change history,completed,,1,143.842,143.842,143.842,1115648,1115648,1115648,scenario=customer-profile-history; provider=SQLite local temporary files; baseline=conventional-ef; strategyFamily=classic-ef; executionPath=classic EF baseline,2 customer profile history rows for C-100
customer-profile-bulk-insert-only,SQLite local temporary files,conventional-ef-bulk,classic-ef,"100 customers, 1 profile state each",0% repeat-change history,completed,,1,33.188,33.188,33.188,1941472,1941472,1941472,scenario=customer-profile-bulk-insert-only; provider=SQLite local temporary files; baseline=conventional-ef-bulk; strategyFamily=classic-ef; executionPath=classic EF baseline,100 customer profile history rows for 100 customers
customer-profile-bulk-history,SQLite local temporary files,conventional-ef-bulk,classic-ef,"100 customers, 10 profile states each",90% repeat-change history,completed,,1,42.717,42.717,42.717,11296152,11296152,11296152,scenario=customer-profile-bulk-history; provider=SQLite local temporary files; baseline=conventional-ef-bulk; strategyFamily=classic-ef; executionPath=classic EF baseline,1000 customer profile history rows for 100 customers
order-product-fulfillment-history,SQLite local temporary files,conventional-ef,classic-ef,"1 order-product relationship, 2 fulfillment states",50% repeat-change history,completed,,1,78.135,78.135,78.135,1958048,1958048,1958048,scenario=order-product-fulfillment-history; provider=SQLite local temporary files; baseline=conventional-ef; strategyFamily=classic-ef; executionPath=classic EF baseline,"1 order, 1 product, 1 relationship, and 2 fulfillment history rows for O-1000/SKU-COFFEE"
customer-profile-history,SQLite local temporary files,dvault-adddvault-fallback,provider-neutral-dvault-fallback,"1 customer, 2 profile states",50% repeat-change history,completed,,1,120.901,120.901,120.901,1473672,1473672,1473672,scenario=customer-profile-history; provider=SQLite local temporary files; baseline=dvault-adddvault-fallback; strategyFamily=provider-neutral-dvault-fallback; executionPath=DVault provider-neutral fallback path; selectedStrategy=<none>; hashKeyVariant=sha256-v1-binary; stableHashAlgorithm=sha256-v1; digestBytes=32; hashKeyStorage=Binary; hashKeyPayloadBytes=32,1 customer hub row and 2 profile satellite rows for C-100
customer-profile-history,SQLite local temporary files,dvault-adddvaultsqlite-optimized,sqlite-optimized-dvault,"1 customer, 2 profile states",50% repeat-change history,completed,,1,57.809,57.809,57.809,871704,871704,871704,scenario=customer-profile-history; provider=SQLite local temporary files; baseline=dvault-adddvaultsqlite-optimized; strategyFamily=sqlite-optimized-dvault; executionPath=DVault SQLite optimized path; selectedStrategy=SqliteDataVaultSaveStrategy; hashKeyVariant=sha256-v1-binary; stableHashAlgorithm=sha256-v1; digestBytes=32; hashKeyStorage=Binary; hashKeyPayloadBytes=32,1 customer hub row and 2 profile satellite rows for C-100
customer-profile-bulk-insert-only,SQLite local temporary files,dvault-adddvault-fallback,provider-neutral-dvault-fallback,"100 customers, 1 profile state each",0% repeat-change history,completed,,1,88.237,88.237,88.237,6707200,6707200,6707200,"scenario=customer-profile-bulk-insert-only; provider=SQLite local temporary files; baseline=dvault-adddvault-fallback; strategyFamily=provider-neutral-dvault-fallback; executionPath=DVault provider-neutral fallback path; selectedStrategy=<none>; hashKeyVariant=sha256-v1-binary; stableHashAlgorithm=sha256-v1; digestBytes=32; hashKeyStorage=Binary; hashKeyPayloadBytes=32; saveStrategyStatus=ProviderNeutralFallback; provider=Microsoft.EntityFrameworkCore.Sqlite; selectedStrategy=<none>; candidateStrategies=none; candidates=0; fallbackCauses=NoProviderSpecificStrategyRegistered; requestCount=1; hubOperations=0; linkOperations=0; satelliteOperations=100; nativeBulkGate=clean-context,no-multi-active-satellites,provider-eligible-bulk-request",100 customer hubs and 100 profile satellite rows
customer-profile-bulk-insert-only,SQLite local temporary files,dvault-adddvaultsqlite-optimized,sqlite-optimized-dvault,"100 customers, 1 profile state each",0% repeat-change history,completed,,1,29.984,29.984,29.984,2670912,2670912,2670912,"scenario=customer-profile-bulk-insert-only; provider=SQLite local temporary files; baseline=dvault-adddvaultsqlite-optimized; strategyFamily=sqlite-optimized-dvault; executionPath=DVault SQLite optimized path; selectedStrategy=SqliteDataVaultSaveStrategy; hashKeyVariant=sha256-v1-binary; stableHashAlgorithm=sha256-v1; digestBytes=32; hashKeyStorage=Binary; hashKeyPayloadBytes=32; saveStrategyStatus=ProviderStrategySelected; provider=Microsoft.EntityFrameworkCore.Sqlite; selectedStrategy=SqliteDataVaultSaveStrategy; candidateStrategies=SqliteDataVaultSaveStrategy; candidates=1; fallbackCauses=none; requestCount=1; hubOperations=0; linkOperations=0; satelliteOperations=100; nativeBulkGate=clean-context,no-multi-active-satellites,provider-eligible-bulk-request",100 customer hubs and 100 profile satellite rows
customer-profile-bulk-history,SQLite local temporary files,dvault-adddvault-fallback,provider-neutral-dvault-fallback,"100 customers, 10 profile states each",90% repeat-change history,completed,,1,125.498,125.498,125.498,22373472,22373472,22373472,"scenario=customer-profile-bulk-history; provider=SQLite local temporary files; baseline=dvault-adddvault-fallback; strategyFamily=provider-neutral-dvault-fallback; executionPath=DVault provider-neutral fallback path; selectedStrategy=<none>; hashKeyVariant=sha256-v1-binary; stableHashAlgorithm=sha256-v1; digestBytes=32; hashKeyStorage=Binary; hashKeyPayloadBytes=32; saveStrategyStatus=ProviderNeutralFallback; provider=Microsoft.EntityFrameworkCore.Sqlite; selectedStrategy=<none>; candidateStrategies=none; candidates=0; fallbackCauses=NoProviderSpecificStrategyRegistered; requestCount=10; hubOperations=0; linkOperations=0; satelliteOperations=1000; nativeBulkGate=clean-context,no-multi-active-satellites,provider-eligible-bulk-request",100 customer hubs and 1000 profile satellite rows
customer-profile-bulk-history,SQLite local temporary files,dvault-adddvaultsqlite-optimized,sqlite-optimized-dvault,"100 customers, 10 profile states each",90% repeat-change history,completed,,1,107.371,107.371,107.371,13039680,13039680,13039680,"scenario=customer-profile-bulk-history; provider=SQLite local temporary files; baseline=dvault-adddvaultsqlite-optimized; strategyFamily=sqlite-optimized-dvault; executionPath=DVault SQLite optimized path; selectedStrategy=SqliteDataVaultSaveStrategy; hashKeyVariant=sha256-v1-binary; stableHashAlgorithm=sha256-v1; digestBytes=32; hashKeyStorage=Binary; hashKeyPayloadBytes=32; saveStrategyStatus=ProviderStrategySelected; provider=Microsoft.EntityFrameworkCore.Sqlite; selectedStrategy=SqliteDataVaultSaveStrategy; candidateStrategies=SqliteDataVaultSaveStrategy; candidates=1; fallbackCauses=none; requestCount=10; hubOperations=0; linkOperations=0; satelliteOperations=1000; nativeBulkGate=clean-context,no-multi-active-satellites,provider-eligible-bulk-request",100 customer hubs and 1000 profile satellite rows
customer-profile-streaming-save,SQLite local temporary files,dvault-adddvault-fallback/materialized-explicit-bulk,provider-neutral-dvault-fallback,"20 customers, 60 ordered explicit requests",3 profile events per customer with one unchanged replay,completed,,1,106.902,106.902,106.902,2747552,2747552,2747552,scenario=customer-profile-streaming-save; provider=SQLite local temporary files; baseline=dvault-adddvault-fallback/materialized-explicit-bulk; strategyFamily=provider-neutral-dvault-fallback; executionPath=DVault provider-neutral fallback path; selectedStrategy=<none>; hashKeyVariant=sha256-v1-binary; stableHashAlgorithm=sha256-v1; digestBytes=32; hashKeyStorage=Binary; hashKeyPayloadBytes=32; savePath=IDataVaultSaveService.SaveAsync(BulkRequest); operationKind=BulkRequest; saveStrategyStatus=ProviderNeutralFallback; provider=Microsoft.EntityFrameworkCore.Sqlite; selectedStrategy=<none>; fallbackCauses=NoProviderSpecificStrategyRegistered; requestCount=60; hubOperations=20; linkOperations=0; satelliteOperations=60; rowsWritten=60; savedRecordCount=80; chunkBoundary=materialized ordered request set; chunkSize=materialized; chunkCount=0; processedChunkCount=0; retainedStateHighWater=0; chunkedFallbackCauses=none; unsupportedShapes=none,20 customer hubs and 40 profile satellite rows from 60 materialized explicit requests
customer-profile-streaming-save,SQLite local temporary files,dvault-adddvault-fallback/chunked-save-bounded-10,provider-neutral-dvault-fallback,"20 customers, 60 ordered explicit requests",3 profile events per customer with one unchanged replay,completed,,1,302.567,302.567,302.567,2829032,2829032,2829032,scenario=customer-profile-streaming-save; provider=SQLite local temporary files; baseline=dvault-adddvault-fallback/chunked-save-bounded-10; strategyFamily=provider-neutral-dvault-fallback; executionPath=DVault provider-neutral fallback path; selectedStrategy=<none>; hashKeyVariant=sha256-v1-binary; stableHashAlgorithm=sha256-v1; digestBytes=32; hashKeyStorage=Binary; hashKeyPayloadBytes=32; savePath=IDataVaultSaveService.SaveAsync(ChunkedRequest); operationKind=ChunkedRequest; saveStrategyStatus=ProviderNeutralFallback; provider=Microsoft.EntityFrameworkCore.Sqlite; selectedStrategy=<none>; fallbackCauses=NoProviderSpecificStrategyRegistered; requestCount=60; hubOperations=20; linkOperations=0; satelliteOperations=60; rowsWritten=60; savedRecordCount=80; chunkBoundary=bounded request chunks; chunkSize=10; chunkCount=6; processedChunkCount=6; retainedStateHighWater=20; chunkedFallbackCauses=none; unsupportedShapes=none,20 customer hubs and 40 profile satellite rows from 60 explicit requests across 6 chunks of 10
customer-profile-streaming-save,SQLite local temporary files,dvault-adddvault-fallback/async-source-bounded-10,provider-neutral-dvault-fallback,"20 customers, 60 ordered explicit requests",3 profile events per customer with one unchanged replay,completed,,1,46.600,46.600,46.600,1899208,1899208,1899208,scenario=customer-profile-streaming-save; provider=SQLite local temporary files; baseline=dvault-adddvault-fallback/async-source-bounded-10; strategyFamily=provider-neutral-dvault-fallback; executionPath=DVault provider-neutral fallback path; selectedStrategy=<none>; hashKeyVariant=sha256-v1-binary; stableHashAlgorithm=sha256-v1; digestBytes=32; hashKeyStorage=Binary; hashKeyPayloadBytes=32; savePath=IDataVaultSaveService.SaveAsync(IAsyncEnumerable<DataVaultSaveChunk>); operationKind=ChunkedRequest; saveStrategyStatus=ProviderNeutralFallback; provider=Microsoft.EntityFrameworkCore.Sqlite; selectedStrategy=<none>; fallbackCauses=NoProviderSpecificStrategyRegistered; requestCount=60; hubOperations=20; linkOperations=0; satelliteOperations=60; rowsWritten=60; savedRecordCount=80; chunkBoundary=async bounded request chunks; chunkSize=10; chunkCount=6; processedChunkCount=6; retainedStateHighWater=20; sourceShape=IAsyncEnumerable<DataVaultSaveChunk>; chunkedFallbackCauses=none; unsupportedShapes=none,20 customer hubs and 40 profile satellite rows from 60 async-streamed explicit requests across 6 chunks of 10
customer-profile-streaming-save,SQLite local temporary files,dvault-adddvault-fallback/chunked-save-bounded-5,provider-neutral-dvault-fallback,"20 customers, 60 ordered explicit requests",3 profile events per customer with one unchanged replay,completed,,1,128.970,128.970,128.970,3913264,3913264,3913264,scenario=customer-profile-streaming-save; provider=SQLite local temporary files; baseline=dvault-adddvault-fallback/chunked-save-bounded-5; strategyFamily=provider-neutral-dvault-fallback; executionPath=DVault provider-neutral fallback path; selectedStrategy=<none>; hashKeyVariant=sha256-v1-binary; stableHashAlgorithm=sha256-v1; digestBytes=32; hashKeyStorage=Binary; hashKeyPayloadBytes=32; savePath=IDataVaultSaveService.SaveAsync(ChunkedRequest); operationKind=ChunkedRequest; saveStrategyStatus=ProviderNeutralFallback; provider=Microsoft.EntityFrameworkCore.Sqlite; selectedStrategy=<none>; fallbackCauses=NoProviderSpecificStrategyRegistered; requestCount=60; hubOperations=20; linkOperations=0; satelliteOperations=60; rowsWritten=60; savedRecordCount=80; chunkBoundary=bounded request chunks; chunkSize=5; chunkCount=12; processedChunkCount=12; retainedStateHighWater=20; chunkedFallbackCauses=none; unsupportedShapes=none,20 customer hubs and 40 profile satellite rows from 60 explicit requests across 12 chunks of 5
order-product-fulfillment-history,SQLite local temporary files,dvault-adddvault-fallback,provider-neutral-dvault-fallback,"1 order-product relationship, 2 fulfillment states",50% repeat-change history,completed,,1,122.841,122.841,122.841,2522384,2522384,2522384,scenario=order-product-fulfillment-history; provider=SQLite local temporary files; baseline=dvault-adddvault-fallback; strategyFamily=provider-neutral-dvault-fallback; executionPath=DVault provider-neutral fallback path; selectedStrategy=<none>; hashKeyVariant=sha256-v1-binary; stableHashAlgorithm=sha256-v1; digestBytes=32; hashKeyStorage=Binary; hashKeyPayloadBytes=32,"1 order hub, 1 product hub, 1 link, and 2 fulfillment satellite rows for O-1000/SKU-COFFEE"
order-product-fulfillment-history,SQLite local temporary files,dvault-adddvaultsqlite-optimized,sqlite-optimized-dvault,"1 order-product relationship, 2 fulfillment states",50% repeat-change history,completed,,1,30.786,30.786,30.786,545328,545328,545328,scenario=order-product-fulfillment-history; provider=SQLite local temporary files; baseline=dvault-adddvaultsqlite-optimized; strategyFamily=sqlite-optimized-dvault; executionPath=DVault SQLite optimized path; selectedStrategy=SqliteDataVaultSaveStrategy; hashKeyVariant=sha256-v1-binary; stableHashAlgorithm=sha256-v1; digestBytes=32; hashKeyStorage=Binary; hashKeyPayloadBytes=32,"1 order hub, 1 product hub, 1 link, and 2 fulfillment satellite rows for O-1000/SKU-COFFEE"
latest-satellite-read,SQLite local temporary files,dvault-adddvault-fallback,provider-neutral-dvault-fallback,"100 customers, 10 profile states each",90% repeat-change history latest read,completed,,1,18.840,18.840,18.840,1875032,1875032,1875032,scenario=latest-satellite-read; provider=SQLite local temporary files; baseline=dvault-adddvault-fallback; strategyFamily=provider-neutral-dvault-fallback; executionPath=DVault provider-neutral fallback path; selectedStrategy=<none>; hashKeyVariant=sha256-v1-binary; stableHashAlgorithm=sha256-v1; digestBytes=32; hashKeyStorage=Binary; hashKeyPayloadBytes=32; readStrategyStatus=ProviderNeutralFallback; provider=Microsoft.EntityFrameworkCore.Sqlite; selectedStrategy=<none>; candidates=0; fallbackCauses=NoProviderSpecificStrategyRegistered; readShape=LatestSatellite; readShapeProviderStatus=ProviderNeutralFallback; readShapeFallbackCauses=NoProviderSpecificStrategyRegistered,100 latest profile satellite rows read from 1000 seeded profile states
latest-satellite-read,SQLite local temporary files,dvault-adddvaultsqlite-optimized,sqlite-optimized-dvault,"100 customers, 10 profile states each",90% repeat-change history latest read,completed,,1,10.731,10.731,10.731,552560,552560,552560,scenario=latest-satellite-read; provider=SQLite local temporary files; baseline=dvault-adddvaultsqlite-optimized; strategyFamily=sqlite-optimized-dvault; executionPath=DVault SQLite optimized latest satellite read path; selectedStrategy=SqliteDataVaultReadStrategy; plannedReadStrategy=SqliteDataVaultReadStrategy; readShape=LatestSatellite; hashKeyVariant=sha256-v1-binary; stableHashAlgorithm=sha256-v1; digestBytes=32; hashKeyStorage=Binary; hashKeyPayloadBytes=32; readStrategyStatus=ProviderStrategySelected; provider=Microsoft.EntityFrameworkCore.Sqlite; selectedStrategy=SqliteDataVaultReadStrategy; candidates=1; fallbackCauses=none; readShape=LatestSatellite; readShapeProviderStatus=ProviderStrategySelected; readShapeFallbackCauses=none,100 latest profile satellite rows read from 1000 seeded profile states
pit-as-of-read,SQLite local temporary files,dvault-adddvault-fallback,provider-neutral-dvault-fallback,"100 customers, 100 PIT rows, 2 satellite segments",as-of read after latest profile/status snapshots,completed,,1,56.906,56.906,56.906,5316344,5316344,5316344,scenario=pit-as-of-read; provider=SQLite local temporary files; baseline=dvault-adddvault-fallback; strategyFamily=provider-neutral-dvault-fallback; executionPath=DVault provider-neutral fallback path; selectedStrategy=<none>; hashKeyVariant=sha256-v1-binary; stableHashAlgorithm=sha256-v1; digestBytes=32; hashKeyStorage=Binary; hashKeyPayloadBytes=32; readStrategyStatus=ProviderNeutralFallback; provider=Microsoft.EntityFrameworkCore.Sqlite; selectedStrategy=<none>; candidates=0; fallbackCauses=NoProviderSpecificStrategyRegistered; readShape=PitAsOf; readShapeProviderStatus=ProviderNeutralFallback; readShapeFallbackCauses=NoProviderSpecificStrategyRegistered,100 PIT as-of rows read across profile and status satellite snapshots
pit-as-of-read,SQLite local temporary files,dvault-adddvaultsqlite-optimized,sqlite-optimized-dvault,"100 customers, 100 PIT rows, 2 satellite segments",as-of read after latest profile/status snapshots,completed,,1,17.481,17.481,17.481,2772464,2772464,2772464,scenario=pit-as-of-read; provider=SQLite local temporary files; baseline=dvault-adddvaultsqlite-optimized; strategyFamily=sqlite-optimized-dvault; executionPath=DVault SQLite optimized PIT read path; selectedStrategy=SqliteDataVaultReadStrategy; plannedReadStrategy=SqliteDataVaultReadStrategy; readShape=PitAsOf; hashKeyVariant=sha256-v1-binary; stableHashAlgorithm=sha256-v1; digestBytes=32; hashKeyStorage=Binary; hashKeyPayloadBytes=32; readStrategyStatus=ProviderStrategySelected; provider=Microsoft.EntityFrameworkCore.Sqlite; selectedStrategy=SqliteDataVaultReadStrategy; candidates=1; fallbackCauses=none; readShape=PitAsOf; readShapeProviderStatus=ProviderStrategySelected; readShapeFallbackCauses=none,100 PIT as-of rows read across profile and status satellite snapshots
bridge-traversal-read,SQLite local temporary files,dvault-adddvault-fallback,provider-neutral-dvault-fallback,1 hierarchy ancestor with 100 descendant bridge rows,maximum depth 3 of 5,completed,,1,15.629,15.629,15.629,456480,456480,456480,scenario=bridge-traversal-read; provider=SQLite local temporary files; baseline=dvault-adddvault-fallback; strategyFamily=provider-neutral-dvault-fallback; executionPath=DVault provider-neutral fallback path; selectedStrategy=<none>; hashKeyVariant=sha256-v1-binary; stableHashAlgorithm=sha256-v1; digestBytes=32; hashKeyStorage=Binary; hashKeyPayloadBytes=32; readStrategyStatus=ProviderNeutralFallback; provider=Microsoft.EntityFrameworkCore.Sqlite; selectedStrategy=<none>; candidates=0; fallbackCauses=NoProviderSpecificStrategyRegistered; readShape=Bridge; readShapeProviderStatus=ProviderNeutralFallback; readShapeFallbackCauses=NoProviderSpecificStrategyRegistered,60 bridge traversal rows read from 100 seeded hierarchy rows
bridge-traversal-read,SQLite local temporary files,dvault-adddvaultsqlite-optimized,sqlite-optimized-dvault,1 hierarchy ancestor with 100 descendant bridge rows,maximum depth 3 of 5,completed,,1,5.782,5.782,5.782,231384,231384,231384,scenario=bridge-traversal-read; provider=SQLite local temporary files; baseline=dvault-adddvaultsqlite-optimized; strategyFamily=sqlite-optimized-dvault; executionPath=DVault SQLite optimized bridge read path; selectedStrategy=SqliteDataVaultReadStrategy; plannedReadStrategy=SqliteDataVaultReadStrategy; readShape=Bridge; hashKeyVariant=sha256-v1-binary; stableHashAlgorithm=sha256-v1; digestBytes=32; hashKeyStorage=Binary; hashKeyPayloadBytes=32; readStrategyStatus=ProviderStrategySelected; provider=Microsoft.EntityFrameworkCore.Sqlite; selectedStrategy=SqliteDataVaultReadStrategy; candidates=1; fallbackCauses=none; readShape=Bridge; readShapeProviderStatus=ProviderStrategySelected; readShapeFallbackCauses=none,60 bridge traversal rows read from 100 seeded hierarchy rows
compiled-model-startup,SQLite local temporary files,dvault-design-model,ef-model-build,1 generated order hub row,runtime model precomputed outside measured operation,completed,,1,22.945,22.945,22.945,1088720,1088720,1088720,scenario=compiled-model-startup; provider=SQLite local temporary files; baseline=dvault-design-model; strategyFamily=ef-model-build; executionPath=ordinary EF model-building startup path,1 generated order hub row read through ordinary DVault model building
compiled-model-startup,SQLite local temporary files,dvault-usemodel-runtime-model,ef-usemodel-runtime-model,1 generated order hub row,runtime model precomputed outside measured operation,completed,,1,6.451,6.451,6.451,245048,245048,245048,scenario=compiled-model-startup; provider=SQLite local temporary files; baseline=dvault-usemodel-runtime-model; strategyFamily=ef-usemodel-runtime-model; executionPath=precomputed EF runtime model path,1 generated order hub row read through precomputed UseModel(runtimeModel)
compiled-query-hub-read,SQLite local temporary files,ordinary-ef-query,direct-ef-query,1 generated order hub row,stable shared-type table projection,completed,,1,6.591,6.591,6.591,242912,242912,242912,scenario=compiled-query-hub-read; provider=SQLite local temporary files; baseline=ordinary-ef-query; strategyFamily=direct-ef-query; executionPath=ordinary direct EF query path,1 generated order hub row read through equivalent ordinary EF projection
compiled-query-hub-read,SQLite local temporary files,ef-compilequery,compiled-ef-query,1 generated order hub row,stable shared-type table projection,completed,,1,8.787,8.787,8.787,190360,190360,190360,scenario=compiled-query-hub-read; provider=SQLite local temporary files; baseline=ef-compilequery; strategyFamily=compiled-ef-query; executionPath=EF.CompileQuery path,1 generated order hub row read through EF.CompileQuery stable projection
dbcontext-pooling-dvault-operation,SQLite local temporary files,adddbcontext,non-pooled-dvault-context,1 generated order hub row,fixed metadata source and options-only context,completed,,1,26.496,26.496,26.496,768688,768688,768688,scenario=dbcontext-pooling-dvault-operation; provider=SQLite local temporary files; baseline=adddbcontext; strategyFamily=non-pooled-dvault-context; executionPath=AddDbContext DVault context path,1 generated order hub row saved and read through AddDbContext fixed-model configuration
dbcontext-pooling-dvault-operation,SQLite local temporary files,adddbcontextpool,pooled-dvault-context,1 generated order hub row,fixed metadata source and options-only context,completed,,1,14.642,14.642,14.642,90416,90416,90416,scenario=dbcontext-pooling-dvault-operation; provider=SQLite local temporary files; baseline=adddbcontextpool; strategyFamily=pooled-dvault-context; executionPath=AddDbContextPool DVault context path,1 generated order hub row saved and read through AddDbContextPool fixed-model configuration
